{
  "coefficients": [
    [
      -0.27079066991718886,
      0.06723641567846624,
      -0.4130626900925973,
      -0.6964853836651647,
      -0.29688219121421666,
      -0.1414103265383961,
      -0.31774817204410494,
      -0.42083795898114296,
      -0.2640843868852533,
      -0.08866832813217465,
      -0.37820767877112016,
      -0.3364882853509875,
      -0.3117527744369599,
      -0.13997423929479175,
      0.15881151161860435,
      -0.444011036963329,
      -0.12865534358894945,
      0.08092255350555087,
      0.14917749206728736,
      -0.13658506749275776,
      0.04404446675756861,
      0.01977474968693694,
      0.24069353010637423,
      -0.1413811174666468,
      0.008287480110357615,
      -0.157892797673797,
      0.2991021093699448,
      0.2566325301456635,
      0.3699972003769959,
      0.21070835491455026,
      0.27336169029408175,
      -0.2676485704261815,
      0.08221544205192025,
      0.2636292535199914,
      -0.24237968664860218,
      0.0713904191937825,
      0.03174821840178599,
      0.0,
      0.0,
      0.0,
      0.0,
      0.04516799484776971,
      0.0,
      0.1044081407311302,
      0.13164720725346318,
      0.1652938711992449,
      0.26562853000530345,
      -0.08740402667720787,
      -0.34627917568219807,
      -0.2458126916726943,
      -0.06172871442935645,
      -0.6290063436428387,
      -0.23282413149652972,
      -0.08803783695114314,
      0.004117822663573247,
      -0.1483302066235377,
      -0.34632599171194967,
      -0.20289563802196448,
      -0.09101000399929368,
      -0.1814048899408357,
      0.008445859801145102,
      -0.03331230372648476,
      0.15881151161860435,
      -0.37976943699717813,
      -0.09097821851672384,
      0.1044081407311302,
      -0.6529835151104187,
      -0.4440296211032356,
      0.0,
      0.0,
      0.0,
      0.0,
      0.0,
      0.0
    ]
  ],
  "intercept": [
    0.7821115613702757
  ],
  "features": [
    "aggression_bets",
    "aggression_calls",
    "aggression_frequency",
    "avg_stack_bb",
    "cbet_flop_count",
    "cbet_flop_opps",
    "cbet_flop_pct",
    "cbet_river_count",
    "cbet_river_opps",
    "cbet_river_pct",
    "cbet_turn_count",
    "cbet_turn_opps",
    "cbet_turn_pct",
    "cold_call_count",
    "cold_call_opps",
    "cold_call_pct",
    "flop_seen",
    "fold_to_3bet_count",
    "fold_to_3bet_opps",
    "fold_to_3bet_pct",
    "fold_to_4bet_count",
    "fold_to_4bet_opps",
    "fold_to_4bet_pct",
    "fold_to_cbet_flop_count",
    "fold_to_cbet_flop_opps",
    "fold_to_cbet_flop_pct",
    "fold_to_cbet_river_count",
    "fold_to_cbet_river_opps",
    "fold_to_cbet_river_pct",
    "fold_to_cbet_turn_count",
    "fold_to_cbet_turn_opps",
    "fold_to_cbet_turn_pct",
    "four_bet_count",
    "four_bet_opps",
    "four_bet_pct",
    "hands_bb",
    "hands_btn",
    "hands_co",
    "hands_hj",
    "hands_lj",
    "hands_other_position",
    "hands_sb",
    "hands_straddle",
    "hands_total",
    "hands_utg",
    "hands_utg1",
    "hands_utg2",
    "headsup_flops",
    "multiway_flop_pct",
    "multiway_flops",
    "pfr_count",
    "pfr_pct",
    "rake_bb_per_100",
    "squeeze_count",
    "squeeze_opps",
    "squeeze_pct",
    "steal_attempt_pct",
    "steal_attempts",
    "steal_opps",
    "steal_success",
    "steal_success_pct",
    "three_bet_count",
    "three_bet_opps",
    "three_bet_pct",
    "vpip_count",
    "vpip_opps",
    "vpip_pct",
    "vpip_pfr_gap_pct",
    "wsd_pct",
    "wsd_wins",
    "wtsd_count",
    "wtsd_pct",
    "wwsf_pct",
    "wwsf_wins"
  ]
}